{"learner":{"attributes":{"best_iteration":"4","best_score":"0.6334050005120214","scikit_learn":"{\"_estimator_type\": \"classifier\"}"},"feature_names":[],"feature_types":[],"gradient_booster":{"model":{"gbtree_model_param":{"num_parallel_tree":"1","num_trees":"20"},"iteration_indptr":[0,1,2,3,4,5,6,7,8,9,10,11,12,13,14,15,16,17,18,19,20],"tree_info":[0,0,0,0,0,0,0,0,0,0,0,0,0,0,0,0,0,0,0,0],"trees":[{"base_weights":[1.8988701E0,1.9150668E0,-2.4283835E-1,1.9281214E0,-2.4144791E-1,2.4177754E-1,9.078826E-2],"categories":[],"categories_nodes":[],"categories_segments":[],"categories_sizes":[],"default_left":[0,0,0,0,0,0,0],"id":0,"left_children":[1,3,-1,5,-1,-1,-1],"loss_changes":[7.550195E1,6.0698242E1,0E0,2.5831543E1,0E0,0E0,0E0],"parents":[2147483647,0,0,1,1,3,3],"right_children":[2,4,-1,6,-1,-1,-1],"split_conditions":[1E0,1E0,-2.4283835E-1,1E0,-2.4144791E-1,2.4177754E-1,9.078826E-2],"split_indices":[1916,802,0,1683,0,0,0],"split_type":[0,0,0,0,0,0,0],"sum_hessian":[1.2085837E3,1.2035837E3,5E0,1.1995837E3,4E0,1.181301E3,1.8282806E1],"tree_param":{"num_deleted":"0","num_feature":"2048","num_nodes":"7","size_leaf_vector":"1"}},{"base_weights":[1.7115122E0,1.7222154E0,-2.717222E-1,1.7310656E0,-2.1369946E-1,2.1595307E-1,1.3104448E-1],"categories":[],"categories_nodes":[],"categories_segments":[],"categories_sizes":[],"default_left":[0,0,0,0,0,0,0],"id":1,"left_children":[1,3,-1,5,-1,-1,-1],"loss_changes":[5.7308105E1,4.179663E1,0E0,6.3740234E0,0E0,0E0,0E0],"parents":[2147483647,0,0,1,1,3,3],"right_children":[2,4,-1,6,-1,-1,-1],"split_conditions":[1E0,1E0,-2.717222E-1,1E0,-2.1369946E-1,2.1595307E-1,1.3104448E-1],"split_indices":[322,1916,0,1696,0,0,0],"split_type":[0,0,0,0,0,0,0],"sum_hessian":[1.3736641E3,1.3699622E3,3.701934E0,1.3665133E3,3.4489038E0,1.351199E3,1.5314287E1],"tree_param":{"num_deleted":"0","num_feature":"2048","num_nodes":"7","size_leaf_vector":"1"}},{"base_weights":[1.552162E0,1.5646541E0,-2.7132416E-1,1.5738941E0,-2.772436E-1,1.9678153E-1,-1.9655894E-1],"categories":[],"categories_nodes":[],"categories_segments":[],"categories_sizes":[],"default_left":[0,0,0,0,0,0,0],"id":2,"left_children":[1,3,-1,5,-1,-1,-1],"loss_changes":[6.2401123E1,4.6725098E1,0E0,4.3447754E1,0E0,0E0,0E0],"parents":[2147483647,0,0,1,1,3,3],"right_children":[2,4,-1,6,-1,-1,-1],"split_conditions":[1E0,1E0,-2.7132416E-1,1E0,-2.772436E-1,1.9678153E-1,-1.9655894E-1],"split_indices":[745,216,0,1916,0,0,0],"split_type":[0,0,0,0,0,0,0],"sum_hessian":[1.3380137E3,1.3336163E3,4.397382E0,1.330439E3,3.1773772E0,1.3261655E3,4.2734313E0],"tree_param":{"num_deleted":"0","num_feature":"2048","num_nodes":"7","size_leaf_vector":"1"}},{"base_weights":[1.4295799E0,1.4402026E0,-3.1108978E-1,1.4507853E0,-2.3167618E-1,4.712221E-2,1.8189992E-1],"categories":[],"categories_nodes":[],"categories_segments":[],"categories_sizes":[],"default_left":[0,0,0,0,0,0,0],"id":3,"left_children":[1,3,-1,5,-1,-1,-1],"loss_changes":[5.225708E1,4.3708252E1,0E0,1.7852295E1,0E0,0E0,0E0],"parents":[2147483647,0,0,1,1,3,3],"right_children":[2,4,-1,6,-1,-1,-1],"split_conditions":[1E0,1E0,-3.1108978E-1,1E0,-2.3167618E-1,4.712221E-2,1.8189992E-1],"split_indices":[116,322,0,389,0,0,0],"split_type":[0,0,0,0,0,0,0],"sum_hessian":[1.2536672E3,1.2503507E3,3.3165374E0,1.2464276E3,3.9231627E0,1.5845768E1,1.2305818E3],"tree_param":{"num_deleted":"0","num_feature":"2048","num_nodes":"7","size_leaf_vector":"1"}},{"base_weights":[1.3565934E0,-2.8510368E-1,1.3732276E0,1.3828835E0,-2.5266844E-1,1.7291497E-1,-1.9413306E-1],"categories":[],"categories_nodes":[],"categories_segments":[],"categories_sizes":[],"default_left":[0,0,0,0,0,0,0],"id":4,"left_children":[1,-1,3,5,-1,-1,-1],"loss_changes":[7.1063965E1,0E0,3.8308838E1,3.1544678E1,0E0,0E0,0E0],"parents":[2147483647,0,0,2,2,3,3],"right_children":[2,-1,4,6,-1,-1,-1],"split_conditions":[1E0,-2.8510368E-1,1E0,1E0,-2.5266844E-1,1.7291497E-1,-1.9413306E-1],"split_indices":[389,0,116,1916,0,0,0],"split_type":[0,0,0,0,0,0,0],"sum_hessian":[1.1717559E3,5.250208E0,1.1665057E3,1.1632755E3,3.2301552E0,1.1597262E3,3.5493176E0],"tree_param":{"num_deleted":"0","num_feature":"2048","num_nodes":"7","size_leaf_vector":"1"}},{"base_weights":[1.2741668E0,1.2861859E0,-3.400685E-1,1.3077681E0,6.6134936E-1,1.6346507E-1,7.076784E-2,-1.35647515E-2,1.5797226E-1],"categories":[],"categories_nodes":[],"categories_segments":[],"categories_sizes":[],"default_left":[0,0,0,0,0,0,0,0,0],"id":5,"left_children":[1,3,-1,5,7,-1,-1,-1,-1],"loss_changes":[5.1043945E1,1.3903687E1,0E0,5.857788E0,1.7021603E1,0E0,0E0,0E0,0E0],"parents":[2147483647,0,0,1,1,3,3,4,4],"right_children":[2,4,-1,6,8,-1,-1,-1,-1],"split_conditions":[1E0,1E0,-3.400685E-1,1E0,1E0,1.6346507E-1,7.076784E-2,-1.35647515E-2,1.5797226E-1],"split_indices":[1226,896,0,1587,809,0,0,0,0],"split_type":[0,0,0,0,0,0,0,0,0],"sum_hessian":[1.0629138E3,1.0597985E3,3.1153648E0,1.0241025E3,3.5695946E1,1.0125268E3,1.1575704E1,1.5648253E1,2.0047691E1],"tree_param":{"num_deleted":"0","num_feature":"2048","num_nodes":"9","size_leaf_vector":"1"}},{"base_weights":[1.2240784E0,1.2374898E0,-2.775624E-1,1.2486378E0,-2.2464813E-1,1.563705E-1,-1.9505578E-1],"categories":[],"categories_nodes":[],"categories_segments":[],"categories_sizes":[],"default_left":[0,0,0,0,0,0,0],"id":6,"left_children":[1,3,-1,5,-1,-1,-1],"loss_changes":[4.6241577E1,3.375952E1,0E0,2.866809E1,0E0,0E0,0E0],"parents":[2147483647,0,0,1,1,3,3],"right_children":[2,4,-1,6,-1,-1,-1],"split_conditions":[1E0,1E0,-2.775624E-1,1E0,-2.2464813E-1,1.563705E-1,-1.9505578E-1],"split_indices":[1226,322,0,987,0,0,0],"split_type":[0,0,0,0,0,0,0],"sum_hessian":[9.998568E2,9.960609E2,3.7959275E0,9.925014E2,3.559463E0,9.88981E2,3.52038E0],"tree_param":{"num_deleted":"0","num_feature":"2048","num_nodes":"7","size_leaf_vector":"1"}},{"base_weights":[1.1769011E0,1.1930245E0,-3.475826E-1,1.209591E0,-2.0082448E-1,3.5322975E-2,1.5154009E-1],"categories":[],"categories_nodes":[],"categories_segments":[],"categories_sizes":[],"default_left":[0,0,0,0,0,0,0],"id":7,"left_children":[1,3,-1,5,-1,-1,-1],"loss_changes":[6.057361E1,4.395166E1,0E0,8.761719E0,0E0,0E0,0E0],"parents":[2147483647,0,0,1,1,3,3],"right_children":[2,4,-1,6,-1,-1,-1],"split_conditions":[1E0,1E0,-3.475826E-1,1E0,-2.0082448E-1,3.5322975E-2,1.5154009E-1],"split_indices":[491,322,0,1057,0,0,0],"split_type":[0,0,0,0,0,0,0],"sum_hessian":[9.4885077E2,9.450779E2,3.7728662E0,9.3961566E2,5.4622216E0,1.0665229E1,9.2895044E2],"tree_param":{"num_deleted":"0","num_feature":"2048","num_nodes":"7","size_leaf_vector":"1"}},{"base_weights":[1.1433377E0,-2.976897E-1,1.1640239E0,1.1767501E0,-1.7829998E-1,1.4468355E-1,2.41452E-1],"categories":[],"categories_nodes":[],"categories_segments":[],"categories_sizes":[],"default_left":[0,0,0,0,0,0,0],"id":8,"left_children":[1,-1,3,5,-1,-1,-1],"loss_changes":[6.2874268E1,0E0,2.8304688E1,7.178711E0,0E0,0E0,0E0],"parents":[2147483647,0,0,2,2,3,3],"right_children":[2,-1,4,6,-1,-1,-1],"split_conditions":[1E0,-2.976897E-1,1E0,1E0,-1.7829998E-1,1.4468355E-1,2.41452E-1],"split_indices":[1917,0,1916,222,0,0,0],"split_type":[0,0,0,0,0,0,0],"sum_hessian":[8.610802E2,4.9372797E0,8.5614294E2,8.520543E2,4.0886154E0,8.3927716E2,1.2777167E1],"tree_param":{"num_deleted":"0","num_feature":"2048","num_nodes":"7","size_leaf_vector":"1"}},{"base_weights":[1.0548837E0,-3.0158085E-1,1.0894207E0,1.1066426E0,7.168936E-2,1.4038123E-1,6.736922E-2,-3.2314107E-1,1.4999974E-1],"categories":[],"categories_nodes":[],"categories_segments":[],"categories_sizes":[],"default_left":[0,0,0,0,0,0,0,0,0],"id":9,"left_children":[1,-1,3,5,7,-1,-1,-1,-1],"loss_changes":[7.819226E1,0E0,1.1088135E1,8.095032E0,3.302037E1,0E0,0E0,0E0,0E0],"parents":[2147483647,0,0,2,2,3,3,4,4],"right_children":[2,-1,4,6,8,-1,-1,-1,-1],"split_conditions":[1E0,-3.0158085E-1,1E0,1E0,1E0,1.4038123E-1,6.736922E-2,-3.2314107E-1,1.4999974E-1],"split_indices":[1057,0,1410,896,1626,0,0,0,0],"split_type":[0,0,0,0,0,0,0,0,0],